id_cliente,primer_nombre,apellido_paterno,apellido_materno,correo,genero,idioma,estado_civil,cant_hijos,edad,estudios,Color_F
1,Ibby,Plewes,Izac,iizac0@cnbc.com,Female,Lithuanian,Otro,1,1,RMA,Celeste
2,Doralia,Ewell,Townsend,dtownsend1@ow.ly,Female,Armenian,Viudo,2,2,IEX Total View,Azul
3,Lynette,Merrydew,Feaveryear,lfeaveryear2@aol.com,Female,Papiamento,Soltero,3,3,RMI,Celeste
4,Janaye,Jeffryes,Anglim,janglim3@ameblo.jp,Female,Georgian,Casado,4,4,MTP3,Azul
5,Travus,Divis,Minchindon,tminchindon4@sourceforge.net,Male,Northern Sotho,Casado,1,5,RMI,Amarrillo
6,Roseanne,Hollingshead,Nolder,rnolder5@theatlantic.com,Female,Tswana,Casado,2,6,uCOS,Otro
7,Hillier,Redihalgh,Rosas,hrosas6@gov.uk,Male,Afrikaans,Viudo,3,7,Application Architecture,Amarrillo
8,Vin,Trahear,Valasek,vvalasek7@businessweek.com,Male,Punjabi,Casado,4,8,SDL Trados,Azul
9,Hanny,Gostridge,Eldershaw,heldershaw8@netlog.com,Female,Armenian,Viudo,1,9,RV,Otro
10,Idalina,Yurtsev,McGill,imcgill9@people.com.cn,Female,Papiamento,Casado,2,10,RCMS,Rojo
11,Xylia,Milesap,Dogerty,xdogertya@nymag.com,Female,Amharic,Viudo,3,11,RV,Amarrillo
12,Dermot,Hofton,Vevers,dveversb@mtv.com,Male,Burmese,Otro,4,12,RV,Rojo
13,Cello,Darracott,Vosper,cvosperc@tumblr.com,Male,Dutch,Otro,1,13,IDX,Morado
14,Dael,Fiddiman,Irdale,dirdaled@marketwatch.com,Female,Albanian,Viudo,2,14,IEX Total View,Rojo
15,Betta,Hassent,McRobbie,bmcrobbiee@senate.gov,Female,Bengali,Casado,3,15,Objective-C,Celeste
16,Stacee,Asals,Giovannilli,sgiovannillif@comcast.net,Female,West Frisian,Otro,4,16,Titration,Amarrillo
17,Raine,Steffans,Langfield,rlangfieldg@weibo.com,Female,Haitian Creole,Viudo,1,17,Yammer,Otro
18,Claudell,Remington,Lemme,clemmeh@github.com,Male,Dutch,Casado,2,18,PPC,Azul
19,Merrie,Commings,Duffitt,mduffitti@techcrunch.com,Female,Icelandic,Otro,3,19,LLU,Verde
20,Herc,Frazier,Greenman,hgreenmanj@mlb.com,Male,Marathi,Soltero,4,20,CQA,Celeste
21,Sinclair,Peskett,Cardenosa,scardenosak@wordpress.org,Male,Filipino,Soltero,1,21,Skin Care,Otro
22,Morly,Coil,Fleckness,mflecknessl@oracle.com,Male,Icelandic,Casado,2,22,MCDBA,Rojo
23,Tabby,McRinn,Barde,tbardem@loc.gov,Female,Danish,Otro,3,23,WAN,Azul
24,Paula,Floch,Bysh,pbyshn@rediff.com,Female,Ndebele,Otro,4,24,Object Oriented Design,Otro
25,Wyatt,Sumner,Chasmer,wchasmero@thetimes.co.uk,Male,Somali,Otro,1,25,HV,Otro
26,Ketty,Minster,Rosenhaupt,krosenhauptp@purevolume.com,Female,Gagauz,Soltero,2,26,JCAHO,Otro
27,Farris,Baldwin,Olivera,foliveraq@dell.com,Male,Gagauz,Soltero,3,27,Urban Geography,Verde
28,Lurlene,Kybbye,Ivanin,livaninr@cbslocal.com,Female,Yiddish,Soltero,4,28,Dispute Resolution,Rojo
29,Damon,Antonsson,McKeowon,dmckeowons@usda.gov,Male,Czech,Casado,1,29,MCDBA,Morado
30,Carlie,Moneti,Colebourn,ccolebournt@parallels.com,Male,Italian,Otro,2,30,Brokers,Rojo
31,Mattheus,Wilton,Duchatel,mduchatelu@prlog.org,Male,Māori,Otro,3,31,Adobe Creative Suite,Morado
32,Justus,Palia,Pretsel,jpretselv@army.mil,Male,Pashto,Viudo,4,32,Adobe Creative Suite,Azul
33,Felicle,Muirden,Pendlington,fpendlingtonw@blogspot.com,Female,Polish,Soltero,1,33,PVTsim,Rojo
34,Gusta,Cammidge,Cuningham,gcuninghamx@army.mil,Female,Greek,Viudo,2,34,JDK,Amarrillo
35,Pamella,Baraclough,Covington,pcovingtony@github.com,Female,Swati,Otro,3,35,SRDS,Otro
36,Gerladina,Pettendrich,Hunnicutt,ghunnicuttz@yahoo.com,Female,Filipino,Otro,4,36,Web Services,Celeste
37,Sharl,Jossum,Dalbey,sdalbey10@spotify.com,Female,Lao,Otro,1,37,DLS,Celeste
38,Debbi,Trice,Assinder,dassinder11@amazon.com,Female,Irish Gaelic,Casado,2,38,IEX Total View,Amarrillo
39,Forster,Kearton,Toll,ftoll12@eepurl.com,Male,Albanian,Viudo,3,39,Skin Care,Azul
40,Min,Pottiphar,Jacson,mjacson13@tripadvisor.com,Female,Albanian,Viudo,4,40,LDS,Azul
41,Octavia,Mercy,Pearn,opearn14@plala.or.jp,Female,Bulgarian,Otro,1,41,Flooring,Azul
42,Ricca,Haldin,Leavold,rleavold15@weibo.com,Female,Armenian,Viudo,2,42,Cash Flow,Amarrillo
43,Mil,Lewsley,Shird,mshird16@behance.net,Female,Korean,Soltero,3,43,RV,Morado
44,Eva,Skippen,Charrett,echarrett17@4shared.com,Female,Latvian,Soltero,4,44,Agronomy,Otro
45,Freddie,Chantrell,Pattinson,fpattinson18@jalbum.net,Male,Northern Sotho,Viudo,1,45,SGBD,Otro
46,Hedwig,Lyptratt,Iglesia,higlesia19@oakley.com,Female,Portuguese,Soltero,2,46,SDTM,Rojo
47,Guido,Eighteen,Foxen,gfoxen1a@merriam-webster.com,Male,Montenegrin,Casado,3,47,SDL Trados,Rojo
48,Issi,Pautot,Choke,ichoke1b@gmpg.org,Female,Tsonga,Otro,4,48,LLU,Morado
49,Bernardine,Stambridge,Ragg,bragg1c@360.cn,Female,Tetum,Soltero,1,49,UMTS,Verde
50,Meggy,Bennett,McDuall,mmcduall1d@blogspot.com,Female,Kannada,Casado,2,50,Dubbing,Rojo
51,Derby,Trodler,Kemmet,dkemmet1e@craigslist.org,Male,Zulu,Soltero,3,51,LDS,Verde
52,Susann,Ugoni,Ecclestone,secclestone1f@webeden.co.uk,Female,Hiri Motu,Viudo,4,52,NFL,Verde
53,Abraham,Bernath,Harburtson,aharburtson1g@networksolutions.com,Male,Tswana,Soltero,1,53,Xpress,Morado
54,Delainey,Lernihan,Cussins,dcussins1h@nasa.gov,Male,Haitian Creole,Viudo,2,54,MCDBA,Celeste
55,Gerta,Alty,Pavlenko,gpavlenko1i@berkeley.edu,Female,Tok Pisin,Otro,3,55,Dispute Resolution,Amarrillo
56,Nell,Boman,Henken,nhenken1j@topsy.com,Female,Moldovan,Casado,4,56,CBT,Otro
57,Land,Tinsley,Harcarse,lharcarse1k@bbb.org,Male,Portuguese,Otro,1,57,MCDBA,Azul
58,Sibel,Wall,Richold,srichold1l@flickr.com,Female,Amharic,Casado,2,58,XTRACT,Otro
59,Berty,Twomey,Purkis,bpurkis1m@mysql.com,Female,New Zealand Sign Language,Casado,3,59,DLS,Verde
60,Guthry,Dickman,Hards,ghards1n@istockphoto.com,Male,Tamil,Viudo,4,60,Application Architecture,Amarrillo
61,Kelley,Illingsworth,Cleugher,kcleugher1o@dot.gov,Male,Latvian,Soltero,1,61,Ufile,Azul
62,Rebe,Sidworth,Curnnokk,rcurnnokk1p@wordpress.com,Female,Thai,Viudo,2,62,Sleep Disorders,Azul
63,Cristie,Fanshaw,Pischof,cpischof1q@163.com,Female,Marathi,Casado,3,63,Sleep Disorders,Morado
64,Lance,Tarquini,Daniellot,ldaniellot1r@storify.com,Male,West Frisian,Casado,4,64,Igloo,Rojo
65,Josias,Blasius,Danilchenko,jdanilchenko1s@tamu.edu,Male,Quechua,Soltero,1,65,SDL Trados,Rojo
66,Morris,Yacobsohn,Ivanenkov,mivanenkov1t@yahoo.co.jp,Male,Lao,Casado,2,1,Brokers,Otro
67,Husain,Yanov,Vandrill,hvandrill1u@devhub.com,Male,Afrikaans,Soltero,3,2,SDL Trados,Rojo
68,Fanchon,Kilby,Burle,fburle1v@photobucket.com,Female,Kashmiri,Otro,4,3,TDA,Rojo
69,Cassandry,Gorringe,Bewshaw,cbewshaw1w@aboutads.info,Female,Estonian,Soltero,1,4,Erosion,Celeste
70,Mara,Williamson,Butner,mbutner1x@fema.gov,Female,Kurdish,Viudo,2,5,Yammer,Celeste
71,Bing,Aupol,Climpson,bclimpson1y@booking.com,Male,Haitian Creole,Casado,3,6,Construction,Verde
72,Freedman,Callingham,Brixey,fbrixey1z@deviantart.com,Male,Hiri Motu,Casado,4,7,Construction,Azul
73,Temple,Munnis,Rounsefull,trounsefull20@nymag.com,Male,Romanian,Otro,1,8,RMI,Verde
74,Bary,McCorry,Keling,bkeling21@msu.edu,Male,Zulu,Casado,2,9,Ufile,Azul
75,Agretha,Warbrick,Lukehurst,alukehurst22@theatlantic.com,Female,Assamese,Otro,3,10,JBA,Otro
76,Anne-marie,Charlson,Vanyard,avanyard23@zdnet.com,Female,Swedish,Viudo,4,11,SSL Duality,Otro
77,Darrel,Thing,Baxstar,dbaxstar24@mit.edu,Male,Swahili,Viudo,1,12,Titration,Azul
78,Ashien,Statefield,Kinnen,akinnen25@nifty.com,Female,Thai,Otro,2,13,Digital Marketing,Rojo
79,Eydie,Mawdsley,Duckhouse,educkhouse26@wikispaces.com,Female,Gujarati,Otro,3,14,Klarity,Verde
80,Skipp,Kment,Ransom,sransom27@yahoo.co.jp,Male,Swedish,Otro,4,15,IDX,Verde
81,Lonnard,Merricks,Yon,lyon28@imdb.com,Male,Georgian,Otro,1,16,UMTS,Amarrillo
82,Isidore,Liffe,Sneesby,isneesby29@dailymail.co.uk,Male,Bislama,Casado,2,17,International Sales,Rojo
83,Tiphany,Doyley,Bromhead,tbromhead2a@hostgator.com,Female,New Zealand Sign Language,Soltero,3,18,MCDBA,Morado
84,Laurella,Gillani,Kassidy,lkassidy2b@redcross.org,Female,Gagauz,Casado,4,19,HBA,Rojo
85,Toby,McBride,Bungey,tbungey2c@woothemes.com,Male,Swedish,Casado,1,20,Start-ups,Otro
86,Pepe,Dowears,Labusch,plabusch2d@google.com.hk,Male,Haitian Creole,Casado,2,21,IEX Total View,Celeste
87,Dawn,Matula,Semrad,dsemrad2e@typepad.com,Female,Persian,Soltero,3,22,Online Gambling,Celeste
88,Berri,Gaskarth,Clem,bclem2f@latimes.com,Female,Latvian,Otro,4,23,Ufile,Otro
89,Anna-diana,Hubbuck,Surphliss,asurphliss2g@taobao.com,Female,Malay,Soltero,1,24,Dubbing,Verde
90,Denys,Bundy,Stedall,dstedall2h@cmu.edu,Female,Tsonga,Soltero,2,25,PC building,Celeste
91,Dela,Quaife,Maude,dmaude2i@meetup.com,Female,Dhivehi,Casado,3,26,RV,Rojo
92,Moe,Balbeck,Martinetto,mmartinetto2j@imageshack.us,Male,Moldovan,Soltero,4,27,Cash Flow,Otro
93,Lise,Gerrans,Tomney,ltomney2k@abc.net.au,Female,Moldovan,Viudo,1,28,Unit Testing,Otro
94,Truman,Nelhams,Croxford,tcroxford2l@nytimes.com,Male,Swahili,Soltero,2,29,Skin Care,Otro
95,Randa,Dobbs,Musicka,rmusicka2m@time.com,Female,Oriya,Casado,3,30,BMC Remedy User,Verde
96,Floyd,Robrose,Scranney,fscranney2n@google.it,Male,Irish Gaelic,Otro,4,31,MDSD,Rojo
97,Donovan,Colin,Wayte,dwayte2o@sourceforge.net,Male,Belarusian,Soltero,1,32,RV,Azul
98,Anthe,Stirrup,Tatford,atatford2p@hugedomains.com,Female,Tajik,Viudo,2,33,Flooring,Rojo
99,Lemuel,Rivitt,McLukie,lmclukie2q@freewebs.com,Male,Moldovan,Viudo,3,34,CVM,Amarrillo
100,Alyssa,Javes,Palmar,apalmar2r@google.com.br,Female,Tetum,Otro,4,35,SSL Duality,Morado
101,Harlan,Stonall,Yaknov,hyaknov2s@mapy.cz,Male,Māori,Otro,1,36,CBT,Verde
102,Nerissa,Kubin,MacGoun,nmacgoun2t@printfriendly.com,Female,Burmese,Viudo,2,37,MTP3,Celeste
103,Annabella,Squire,Guyton,aguyton2u@woothemes.com,Female,Indonesian,Soltero,3,38,PVTsim,Celeste
104,Kelley,Glanert,Huggens,khuggens2v@nih.gov,Female,Greek,Otro,4,39,IEX Total View,Celeste
105,Ursula,Baser,Colvin,ucolvin2w@fotki.com,Female,Burmese,Casado,1,40,LDS,Otro
106,Carolann,Ebertz,Kuhnke,ckuhnke2x@reddit.com,Female,Somali,Viudo,2,41,HV,Azul
107,Liam,Adamowicz,Archanbault,larchanbault2y@ucoz.com,Male,Swahili,Otro,3,42,CBT,Morado
108,Fionnula,Coats,Holde,fholde2z@gmpg.org,Female,Irish Gaelic,Soltero,4,43,PPC,Rojo
109,Kipper,Balaison,Shearstone,kshearstone30@smh.com.au,Male,Finnish,Soltero,1,44,IDX,Otro
110,Jenni,Oneile,Patinkin,jpatinkin31@tinyurl.com,Female,Bosnian,Casado,2,45,Agronomy,Azul
111,Levon,Conybear,McArte,lmcarte32@360.cn,Male,Dzongkha,Casado,3,46,Web Services,Azul
112,Marwin,Fairholm,Edds,medds33@spotify.com,Male,Haitian Creole,Soltero,4,47,Skin Care,Amarrillo
113,Jude,Klich,Pinke,jpinke34@studiopress.com,Male,Yiddish,Casado,1,48,DLS,Amarrillo
114,Sarena,Elsey,Pretsel,spretsel35@businessweek.com,Female,Kannada,Viudo,2,49,PC building,Verde
115,Clareta,Cockram,McQuirter,cmcquirter36@amazonaws.com,Female,Armenian,Soltero,3,50,JDK,Otro
116,Dermot,Hayward,Fleeming,dfleeming37@mashable.com,Male,Sotho,Viudo,4,51,Igloo,Celeste
117,Bea,Myerscough,Mannix,bmannix38@amazonaws.com,Female,Dhivehi,Viudo,1,52,IDX,Celeste
118,Malory,Krout,Trussler,mtrussler39@multiply.com,Female,Dari,Casado,2,53,PVTsim,Verde
119,Gaby,Prowting,McLennan,gmclennan3a@altervista.org,Male,German,Casado,3,54,Kinetic Typography,Azul
120,Gizela,Stuther,Gregr,ggregr3b@nationalgeographic.com,Female,Tajik,Otro,4,55,MCDBA,Otro
121,Marchall,Clipsham,Juzek,mjuzek3c@comsenz.com,Male,Kurdish,Otro,1,56,Application Architecture,Otro
122,Olvan,Dautry,Shera,oshera3d@instagram.com,Male,Nepali,Casado,2,57,Online Gambling,Verde
123,Roberto,Strutt,Boreland,rboreland3e@wordpress.com,Male,Norwegian,Casado,3,58,Kinetic Typography,Amarrillo
124,Rees,Wraight,Baugham,rbaugham3f@digg.com,Male,Northern Sotho,Otro,4,59,Go,Amarrillo
125,Vinita,Carncross,Gyer,vgyer3g@seattletimes.com,Female,Kashmiri,Otro,1,60,BMC Remedy User,Morado
126,Ashia,Penniell,Boland,aboland3h@nps.gov,Female,Bengali,Soltero,2,61,Dispute Resolution,Amarrillo
127,Mendie,Bailes,Topley,mtopley3i@phpbb.com,Male,French,Casado,3,62,BCNE,Amarrillo
128,Robin,Molian,Malam,rmalam3j@addtoany.com,Female,Dutch,Viudo,4,63,Alumni Relations,Azul
129,Barbara,Padilla,Bratley,bbratley3k@opera.com,Female,Oriya,Otro,1,64,RV,Celeste
130,Rutledge,Espinho,Huggard,rhuggard3l@de.vu,Male,Icelandic,Otro,2,65,Union Avoidance,Azul
131,Rey,Swire,Sproat,rsproat3m@homestead.com,Male,Hungarian,Otro,3,1,Unit Testing,Amarrillo
132,Graehme,Feltoe,MacKniely,gmackniely3n@sakura.ne.jp,Male,Irish Gaelic,Viudo,4,2,Urban Geography,Azul
133,Elsie,Docharty,Trounce,etrounce3o@fda.gov,Female,Assamese,Viudo,1,3,Erosion,Otro
134,Archibold,Copsey,Awdry,aawdry3p@hexun.com,Male,Kazakh,Viudo,2,4,Xenu,Verde
135,Palmer,Stocking,Mayzes,pmayzes3q@intel.com,Male,Dari,Soltero,3,5,Digital Marketing,Celeste
136,Mariya,Willans,Broadstock,mbroadstock3r@fda.gov,Female,Maltese,Otro,4,6,Online Gambling,Verde
137,Marcelia,Harkins,Masding,mmasding3s@walmart.com,Female,Malay,Viudo,1,7,Road Safety,Rojo
138,Pat,Ilyinski,Moralee,pmoralee3t@wordpress.org,Male,Albanian,Casado,2,8,HBA,Otro
139,Robinson,Trounson,Corkell,rcorkell3u@printfriendly.com,Male,Polish,Soltero,3,9,Kinetic Typography,Morado
140,Maddi,Hambrook,Coult,mcoult3v@goodreads.com,Female,Hungarian,Otro,4,10,Digital Marketing,Amarrillo
141,Arlin,Bradtke,Tuxill,atuxill3w@artisteer.com,Male,Bislama,Otro,1,11,Digital Marketing,Celeste
142,Jeremy,Wittey,Collihole,jcollihole3x@desdev.cn,Male,German,Casado,2,12,Application Architecture,Rojo
143,Georgy,Robottham,Nabarro,gnabarro3y@nymag.com,Male,Swahili,Casado,3,13,TDA,Rojo
144,Meggie,Valencia,Hurdiss,mhurdiss3z@dagondesign.com,Female,Papiamento,Casado,4,14,SSL Duality,Otro
145,Myrwyn,Morritt,Skaid,mskaid40@trellian.com,Male,Greek,Soltero,1,15,Online Gambling,Verde
146,Teodora,Troup,Jura,tjura41@cyberchimps.com,Female,Swedish,Casado,2,16,IDX,Celeste
147,Concettina,Slade,Prodrick,cprodrick42@163.com,Female,Ndebele,Otro,3,17,SGBD,Morado
148,Shamus,Sinnott,Heinish,sheinish43@hatena.ne.jp,Male,Papiamento,Viudo,4,18,Dispute Resolution,Amarrillo
149,Peri,Pero,Tucknott,ptucknott44@oakley.com,Female,Filipino,Soltero,1,19,DLS,Celeste
150,Bogey,Muggleton,Corradetti,bcorradetti45@usa.gov,Male,Haitian Creole,Soltero,2,20,LLU,Verde
151,Worden,Moger,Kobiera,wkobiera46@stumbleupon.com,Male,Bengali,Soltero,3,21,Road Safety,Rojo
152,Issiah,Oliveira,Witcomb,iwitcomb47@lulu.com,Male,Romanian,Soltero,4,22,Flooring,Otro
153,Jilleen,Fantham,Dowsey,jdowsey48@wunderground.com,Female,Malayalam,Viudo,1,23,LDS,Verde
154,Gherardo,Biford,Barti,gbarti49@prlog.org,Male,Norwegian,Casado,2,24,Unit Testing,Otro
155,Benito,Laughnan,Waterstone,bwaterstone4a@edublogs.org,Male,Tamil,Soltero,3,25,IEX Total View,Otro
156,Marinna,Anstead,Bugge,mbugge4b@answers.com,Female,Northern Sotho,Soltero,4,26,Start-ups,Amarrillo
157,Harlen,Maken,Blaker,hblaker4c@tripod.com,Male,Sotho,Soltero,1,27,TDA,Otro
158,Catrina,Androletti,Prince,cprince4d@huffingtonpost.com,Female,Portuguese,Soltero,2,28,RMI,Morado
159,Fernanda,Bringloe,Frears,ffrears4e@taobao.com,Female,Tajik,Casado,3,29,Yammer,Verde
160,Marven,Lock,Fairweather,mfairweather4f@umn.edu,Male,Filipino,Soltero,4,30,IEX Total View,Rojo
161,Micky,Lyddy,Fenner,mfenner4g@google.com.au,Female,Georgian,Otro,1,31,PPC,Morado
162,Abra,Jeannaud,Impleton,aimpleton4h@bravesites.com,Female,Latvian,Viudo,2,32,RMI,Rojo
163,Dena,Coulston,Tilt,dtilt4i@blinklist.com,Female,Icelandic,Casado,3,33,Turf,Azul
164,Berna,Bente,Baptiste,bbaptiste4j@time.com,Female,Czech,Soltero,4,34,Web Services,Amarrillo
165,Valeda,Pentin,Harmeston,vharmeston4k@de.vu,Female,Tetum,Soltero,1,35,Digital Marketing,Azul
166,Anestassia,Nizet,Durbann,adurbann4l@friendfeed.com,Female,Hebrew,Viudo,2,36,SRDS,Celeste
167,Greta,Gibbs,Moores,gmoores4m@usgs.gov,Female,New Zealand Sign Language,Soltero,3,37,Union Avoidance,Morado
168,Sal,Hadye,Groneway,sgroneway4n@hao123.com,Male,Burmese,Otro,4,38,IDX,Morado
169,Garvey,Keizman,Comoletti,gcomoletti4o@upenn.edu,Male,Persian,Otro,1,39,Cash Flow,Celeste
170,Parrnell,Sales,Reddington,preddington4p@microsoft.com,Male,Zulu,Casado,2,40,DVB-RCS,Morado
171,Michelle,Bulle,Prangnell,mprangnell4q@pbs.org,Female,Dari,Casado,3,41,HV,Amarrillo
172,Ortensia,Skene,Merrick,omerrick4r@mashable.com,Female,German,Casado,4,42,LLU,Verde
173,Darb,Lipp,New,dnew4s@myspace.com,Male,Kurdish,Otro,1,43,Urban Geography,Azul
174,Toddie,de Marco,Warin,twarin4t@hc360.com,Male,Lithuanian,Viudo,2,44,Klarity,Celeste
175,Zarah,Gaythorpe,Felce,zfelce4u@prlog.org,Female,Dhivehi,Otro,3,45,BCNE,Otro
176,Neill,Whyberd,Avramovic,navramovic4v@posterous.com,Male,Lithuanian,Casado,4,46,IEX Total View,Morado
177,Stacee,Edworthye,Franseco,sfranseco4w@tiny.cc,Male,Dzongkha,Casado,1,47,Adobe Creative Suite,Morado
178,Carey,Oiseau,Macvain,cmacvain4x@ucoz.ru,Male,Irish Gaelic,Otro,2,48,Objective-C,Otro
179,Lucia,Counsell,Querrard,lquerrard4y@examiner.com,Female,French,Otro,3,49,RMI,Rojo
180,Alisander,Coldwell,Bernhardi,abernhardi4z@foxnews.com,Male,Zulu,Viudo,4,50,DLS,Morado
181,Clevey,Le Fevre,Cecchetelli,ccecchetelli50@tinypic.com,Male,Kyrgyz,Otro,1,51,Management Due Diligence,Azul
182,Allan,Rowbrey,Lautie,alautie51@nasa.gov,Male,Dhivehi,Casado,2,52,Alumni Relations,Amarrillo
183,Papageno,Schwandt,Jouhandeau,pjouhandeau52@ted.com,Male,Korean,Soltero,3,53,PVTsim,Verde
184,Curry,Condy,Spottswood,cspottswood53@xing.com,Male,Tetum,Soltero,4,54,Alumni Relations,Amarrillo
185,Elianore,Smurthwaite,Geraldez,egeraldez54@myspace.com,Female,French,Viudo,1,55,DVB-RCS,Rojo
186,Joline,Hairsnape,Boyan,jboyan55@skyrock.com,Female,Tamil,Casado,2,56,Xpress,Rojo
187,Roxanne,McCathy,Sleet,rsleet56@shop-pro.jp,Female,Ndebele,Otro,3,57,Digital Marketing,Amarrillo
188,Brynna,Christmas,Leadley,bleadley57@vk.com,Female,Aymara,Soltero,4,58,Brokers,Azul
189,Shep,Lamprecht,Hysom,shysom58@deviantart.com,Male,Georgian,Viudo,1,59,Urban Geography,Amarrillo
190,Aileen,Kempston,Senn,asenn59@photobucket.com,Female,Kyrgyz,Casado,2,60,CVM,Celeste
191,Caldwell,Triplett,Capelen,ccapelen5a@theglobeandmail.com,Male,Spanish,Otro,3,61,Kinetic Typography,Celeste
192,Gordan,Enric,Stidworthy,gstidworthy5b@timesonline.co.uk,Male,Japanese,Otro,4,62,DLS,Morado
193,Muhammad,Free,Balfre,mbalfre5c@delicious.com,Male,Malayalam,Viudo,1,63,Yammer,Rojo
194,Karena,Jeaycock,Tremethack,ktremethack5d@fc2.com,Female,Oriya,Soltero,2,64,Management Due Diligence,Rojo
195,Sonni,Gatiss,Braunfeld,sbraunfeld5e@deliciousdays.com,Female,Tswana,Soltero,3,65,HV,Azul
196,Ban,Masi,Gonnard,bgonnard5f@wsj.com,Male,Amharic,Otro,4,1,Xpress,Otro
197,Fonz,Wharin,Vallentin,fvallentin5g@si.edu,Male,Mongolian,Soltero,1,2,Union Avoidance,Azul
198,Mattie,Peggram,Prandi,mprandi5h@bravesites.com,Male,Malayalam,Viudo,2,3,Igloo,Morado
199,Onfroi,Pannaman,Giannasi,ogiannasi5i@360.cn,Male,Estonian,Otro,3,4,SDL Trados,Celeste
200,Cristin,Collyer,Gabbotts,cgabbotts5j@gmpg.org,Female,Bislama,Soltero,4,5,MCDBA,Otro
201,Fletcher,Trudgeon,Boumphrey,fboumphrey5k@de.vu,Male,Icelandic,Viudo,1,6,International Sales,Verde
202,Urbain,Lehon,Fanthome,ufanthome5l@yellowpages.com,Male,Bosnian,Otro,2,7,Adobe Creative Suite,Azul
203,Grayce,Baugh,Dalziell,gdalziell5m@com.com,Female,Czech,Viudo,3,8,JBA,Morado
204,Melisent,MacGray,Brunetti,mbrunetti5n@oakley.com,Female,Ndebele,Otro,4,9,DLS,Rojo
205,Taddeo,Sellman,Belchamber,tbelchamber5o@go.com,Male,Pashto,Viudo,1,10,Union Avoidance,Rojo
206,Lenna,Yakovitch,Wheelton,lwheelton5p@dmoz.org,Female,Quechua,Otro,2,11,MCDBA,Otro
207,Elka,Toft,Yesinov,eyesinov5q@fema.gov,Female,Kazakh,Casado,3,12,International Sales,Azul
208,Jeramey,Garm,Bourke,jbourke5r@senate.gov,Male,Telugu,Otro,4,13,TDA,Rojo
209,Jeremiah,McPhillips,Eydel,jeydel5s@hc360.com,Male,Bengali,Viudo,1,14,CBT,Amarrillo
210,Moise,Lindop,Grenkov,mgrenkov5t@intel.com,Male,Chinese,Otro,2,15,Union Avoidance,Celeste
211,Kip,Eyes,Udie,kudie5u@europa.eu,Female,Mongolian,Casado,3,16,IEX Total View,Morado
212,Launce,Secret,Lyvon,llyvon5v@hatena.ne.jp,Male,Lithuanian,Viudo,4,17,uCOS,Verde
213,Roy,Dallicoat,Picton,rpicton5w@bluehost.com,Male,Hebrew,Casado,1,18,Agronomy,Morado
214,Vincent,Crewes,Rosgen,vrosgen5x@ning.com,Male,Malay,Viudo,2,19,Application Architecture,Verde
215,Manda,Clover,Grossman,mgrossman5y@jigsy.com,Female,Albanian,Casado,3,20,Online Gambling,Morado
216,Rudd,Lively,Lindgren,rlindgren5z@goodreads.com,Male,Romanian,Otro,4,21,Management Due Diligence,Rojo
217,Rikki,Maciocia,Glencros,rglencros60@so-net.ne.jp,Male,Maltese,Viudo,1,22,Digital Marketing,Morado
218,Dall,Whitby,McElhinney,dmcelhinney61@tuttocitta.it,Male,Tamil,Otro,2,23,MTP3,Celeste
219,Winthrop,Hasselby,Pecha,wpecha62@surveymonkey.com,Male,Kannada,Otro,3,24,HBA,Celeste
220,Goldia,Rohlfs,Kaszper,gkaszper63@wikipedia.org,Female,Gagauz,Otro,4,25,RMI,Verde
221,Billy,Hamp,Uttridge,buttridge64@slashdot.org,Female,Irish Gaelic,Soltero,1,26,Ufile,Morado
222,Jourdan,Shortcliffe,Giacobo,jgiacobo65@dailymail.co.uk,Female,Belarusian,Viudo,2,27,RCMS,Otro
223,Gladys,Kefford,Siret,gsiret66@ebay.co.uk,Female,Irish Gaelic,Casado,3,28,IDX,Verde
224,Belita,Dickson,Challes,bchalles67@biglobe.ne.jp,Female,Bosnian,Viudo,4,29,TDA,Azul
225,Penni,Simionescu,Klimkovich,pklimkovich68@princeton.edu,Female,Burmese,Soltero,1,30,CQA,Celeste
226,Minne,Courtman,Rosellini,mrosellini69@earthlink.net,Female,Sotho,Viudo,2,31,Titration,Azul
227,Luis,Henstone,Tonge,ltonge6a@jiathis.com,Male,Belarusian,Soltero,3,32,Objective-C,Celeste
228,Antonina,Kynge,O' Hogan,aohogan6b@pen.io,Female,Dzongkha,Soltero,4,33,Management Due Diligence,Celeste
229,Kassandra,Trye,Belcham,kbelcham6c@msn.com,Female,Latvian,Casado,1,34,PPC,Verde
230,Amalia,Harrismith,Statham,astatham6d@mashable.com,Female,Swahili,Casado,2,35,Unit Testing,Azul
231,Rik,Raccio,Pavluk,rpavluk6e@salon.com,Male,Swedish,Viudo,3,36,PVTsim,Celeste
232,Derby,Chantler,Sambath,dsambath6f@exblog.jp,Male,Malayalam,Otro,4,37,Flooring,Morado
233,Avril,Whal,Astell,aastell6g@statcounter.com,Female,Kannada,Otro,1,38,SGBD,Morado
234,Alanson,Catherall,Lago,alago6h@eventbrite.com,Male,Finnish,Viudo,2,39,Kinetic Typography,Azul
235,Stearne,Bunce,Woolaston,swoolaston6i@mashable.com,Male,Kannada,Otro,3,40,uCOS,Rojo
236,Heinrik,Mansford,Croci,hcroci6j@unc.edu,Male,Italian,Soltero,4,41,Titration,Otro
237,Elayne,Vicar,Simmonds,esimmonds6k@yahoo.com,Female,Bislama,Soltero,1,42,Igloo,Azul
238,El,Kingh,Beecroft,ebeecroft6l@mayoclinic.com,Male,Persian,Casado,2,43,UMTS,Rojo
239,Sheelah,Waycot,Thwaites,sthwaites6m@is.gd,Female,Macedonian,Otro,3,44,DLS,Azul
240,Cash,Lamplough,Loraine,cloraine6n@smugmug.com,Male,Norwegian,Casado,4,45,Object Oriented Design,Morado
241,Harrietta,Voice,Piperley,hpiperley6o@vinaora.com,Female,Khmer,Viudo,1,46,Brokers,Verde
242,Sebastiano,Popescu,Denidge,sdenidge6p@patch.com,Male,Dzongkha,Otro,2,47,Igloo,Celeste
243,Ruperto,Canacott,Lamasna,rlamasna6q@phpbb.com,Male,Maltese,Casado,3,48,Unit Testing,Rojo
244,Nina,Brushneen,Allaway,nallaway6r@simplemachines.org,Female,Gagauz,Soltero,4,49,RCMS,Celeste
245,Chas,Jurca,Farlam,cfarlam6s@acquirethisname.com,Male,Malayalam,Otro,1,50,XTRACT,Celeste
246,Sarena,Walesby,Pyett,spyett6t@miibeian.gov.cn,Female,Gagauz,Otro,2,51,Adobe Creative Suite,Verde
247,Kristian,Wignall,Tregensoe,ktregensoe6u@google.pl,Male,Gujarati,Viudo,3,52,Alumni Relations,Morado
248,Marketa,Haddick,Rubertelli,mrubertelli6v@purevolume.com,Female,Māori,Casado,4,53,Xenu,Amarrillo
249,Nady,Heeran,Knight,nknight6w@opensource.org,Female,Khmer,Casado,1,54,Unit Testing,Otro
250,Page,Ortiga,Loyns,ployns6x@sciencedaily.com,Female,New Zealand Sign Language,Otro,2,55,PVTsim,Verde
251,Quint,Pennacci,Batrim,qbatrim6y@studiopress.com,Male,Bulgarian,Otro,3,56,LLU,Otro
252,Milty,Bownas,Licari,mlicari6z@fotki.com,Male,Kyrgyz,Casado,4,57,Construction,Verde
253,Loise,Petty,Rousel,lrousel70@ameblo.jp,Female,Pashto,Soltero,1,58,Object Oriented Design,Otro
254,Angy,Kiely,Klimp,aklimp71@walmart.com,Female,German,Viudo,2,59,Yammer,Rojo
255,Marwin,McGlashan,Haccleton,mhaccleton72@wikispaces.com,Male,Indonesian,Viudo,3,60,Sleep Disorders,Celeste
256,Ronna,Perrington,Swinburne,rswinburne73@microsoft.com,Female,Czech,Viudo,4,61,Flooring,Rojo
257,Leora,Furmedge,Doole,ldoole74@mozilla.org,Female,Portuguese,Soltero,1,62,Xpress,Verde
258,Mickie,Plumridege,Blazej,mblazej75@japanpost.jp,Female,Telugu,Soltero,2,63,Web Services,Azul
259,Raimundo,Zeal,de Leon,rdeleon76@moonfruit.com,Male,Arabic,Casado,3,64,Adobe Creative Suite,Morado
260,Luella,Wrighton,Palfreeman,lpalfreeman77@ed.gov,Female,Hebrew,Soltero,4,65,CBT,Morado
261,Tabby,Stonbridge,Able,table78@noaa.gov,Male,Czech,Soltero,1,1,PC building,Morado
262,Alexandros,Longstreeth,Surgison,asurgison79@nhs.uk,Male,Malay,Otro,2,2,Objective-C,Otro
263,Gerald,Duding,Olyunin,golyunin7a@sphinn.com,Male,Dzongkha,Otro,3,3,SSL Duality,Verde
264,Ellswerth,Benedidick,Colquhoun,ecolquhoun7b@apple.com,Male,Belarusian,Soltero,4,4,BMC Remedy User,Rojo
265,Baillie,Fawcus,Cromwell,bcromwell7c@comsenz.com,Male,Filipino,Casado,1,5,Igloo,Celeste
266,Ermin,Ramelot,Fargie,efargie7d@odnoklassniki.ru,Male,Japanese,Casado,2,6,Klarity,Celeste
267,Pancho,Stuckford,Botterill,pbotterill7e@mit.edu,Male,Czech,Casado,3,7,Brokers,Amarrillo
268,Lowe,Hammerberger,Lawrenz,llawrenz7f@freewebs.com,Male,Estonian,Viudo,4,8,HBA,Rojo
269,Alix,Lambricht,Gamett,agamett7g@chicagotribune.com,Male,Dzongkha,Soltero,1,9,IEX Total View,Amarrillo
270,Goldina,Langton,Sear,gsear7h@g.co,Female,Guaraní,Casado,2,10,RMI,Rojo
271,Kellina,Prosser,De Caroli,kdecaroli7i@scribd.com,Female,Montenegrin,Otro,3,11,Xenu,Morado
272,Gayler,Doreward,Abrahmovici,gabrahmovici7j@newsvine.com,Male,Northern Sotho,Otro,4,12,LDS,Celeste
273,Elizabeth,Cawse,Fann,efann7k@angelfire.com,Female,Gagauz,Casado,1,13,RMI,Amarrillo
274,Gabe,Whorf,Donnelly,gdonnelly7l@home.pl,Male,Lao,Soltero,2,14,uCOS,Amarrillo
275,Cord,Spada,Howroyd,chowroyd7m@bing.com,Male,Kyrgyz,Otro,3,15,Skin Care,Amarrillo
276,Issiah,Blasl,Sleet,isleet7n@discuz.net,Male,Catalan,Soltero,4,16,JCAHO,Verde
277,Erinna,Abernethy,Abbison,eabbison7o@noaa.gov,Female,Tamil,Otro,1,17,Construction,Morado
278,Elihu,Grove,Timmermann,etimmermann7p@elegantthemes.com,Male,Dari,Otro,2,18,TDA,Otro
279,Patti,Chown,Olenchikov,polenchikov7q@so-net.ne.jp,Female,Hebrew,Viudo,3,19,Objective-C,Amarrillo
280,Tracey,Dwyer,Kwietak,tkwietak7r@fastcompany.com,Male,West Frisian,Soltero,4,20,MDSD,Amarrillo
281,Kelli,Stoodley,Gabey,kgabey7s@hibu.com,Female,Tamil,Casado,1,21,Road Safety,Rojo
282,Parry,Huson,Rennicks,prennicks7t@imgur.com,Male,Danish,Otro,2,22,SDTM,Rojo
283,Emmett,Jumeau,Smeed,esmeed7u@domainmarket.com,Male,Kannada,Soltero,3,23,TDA,Otro
284,Hurlee,Whitfeld,Upson,hupson7v@europa.eu,Male,Arabic,Soltero,4,24,Kinetic Typography,Rojo
285,Adda,Aurelius,Ashelford,aashelford7w@apache.org,Female,French,Viudo,1,25,SGBD,Otro
286,Aurilia,Newham,Libby,alibby7x@wired.com,Female,Sotho,Casado,2,26,LDS,Amarrillo
287,Lilllie,McCusker,Keyes,lkeyes7y@stumbleupon.com,Female,Thai,Viudo,3,27,NFL,Morado
288,Bertrand,Kop,McBoyle,bmcboyle7z@auda.org.au,Male,Bengali,Viudo,4,28,JCAHO,Morado
289,Jeno,Wehden,Kermott,jkermott80@ca.gov,Male,Macedonian,Casado,1,29,Construction,Otro
290,Sergei,Mereweather,Sibbs,ssibbs81@seesaa.net,Male,Greek,Viudo,2,30,Dispute Resolution,Celeste
291,Reinwald,Maccree,Ferrario,rferrario82@walmart.com,Male,Japanese,Casado,3,31,Digital Marketing,Rojo
292,Rowney,Agass,Woodcraft,rwoodcraft83@ow.ly,Male,Arabic,Viudo,4,32,Agronomy,Celeste
293,Anders,Bernardoni,Gawkes,agawkes84@wikia.com,Male,Tamil,Viudo,1,33,JCAHO,Celeste
294,Eduardo,Fittes,Feely,efeely85@walmart.com,Male,Greek,Viudo,2,34,Construction,Amarrillo
295,Jessie,Chamney,Dodd,jdodd86@bbb.org,Female,Swahili,Casado,3,35,SGBD,Rojo
296,Jed,Boulds,Takis,jtakis87@blogs.com,Male,Malagasy,Casado,4,36,SRDS,Verde
297,Felipe,Pires,Cecil,fcecil88@yale.edu,Male,French,Viudo,1,37,PPC,Verde
298,Timmy,Simpkins,Trevenu,ttrevenu89@youtube.com,Male,Yiddish,Viudo,2,38,Adobe Creative Suite,Otro
299,Paulo,Huggin,Cregg,pcregg8a@irs.gov,Male,Tetum,Casado,3,39,JCAHO,Azul
300,Fidelia,Scrace,Yggo,fyggo8b@dailymotion.com,Female,Lao,Soltero,4,40,SDTM,Celeste
301,Zebulon,Brundale,Norcliff,znorcliff8c@nydailynews.com,Male,Fijian,Otro,1,41,RMA,Morado
302,Doyle,Lackinton,Gon,dgon8d@angelfire.com,Male,Malayalam,Viudo,2,42,PPC,Amarrillo
303,Esme,Paragreen,Olwen,eolwen8e@nhs.uk,Male,New Zealand Sign Language,Soltero,3,43,Xenu,Verde
304,Corrina,Dagg,MacNalley,cmacnalley8f@a8.net,Female,Estonian,Viudo,4,44,Digital Marketing,Azul
305,Kimmie,Latus,Spanswick,kspanswick8g@miitbeian.gov.cn,Female,Filipino,Soltero,1,45,MDSD,Rojo
306,Tiffy,Forshaw,Wetherill,twetherill8h@opera.com,Female,Belarusian,Soltero,2,46,UMTS,Celeste
307,Gabriel,Reach,Tomich,gtomich8i@va.gov,Male,Czech,Otro,3,47,Adobe Creative Suite,Verde
308,Marrilee,Rutley,Buncom,mbuncom8j@fc2.com,Female,Kurdish,Otro,4,48,PC building,Morado
309,Walther,Willcox,Antonoczyk,wantonoczyk8k@imgur.com,Male,English,Soltero,1,49,PC building,Azul
310,Calypso,Waker,MacQueen,cmacqueen8l@hc360.com,Female,Tok Pisin,Casado,2,50,Cash Flow,Azul
311,Nealson,Ayliffe,Sazio,nsazio8m@elpais.com,Male,Korean,Casado,3,51,Klarity,Celeste
312,Ofella,Blunderfield,Ead,oead8n@cargocollective.com,Female,Dhivehi,Otro,4,52,JDK,Verde
313,Shae,Bau,Galliford,sgalliford8o@wikipedia.org,Male,Tswana,Viudo,1,53,Alumni Relations,Otro
314,Isabel,Fenton,Tomaszynski,itomaszynski8p@newsvine.com,Female,Dari,Casado,2,54,Skin Care,Azul
315,Augustus,Wilshaw,McKinney,amckinney8q@ustream.tv,Male,Tetum,Otro,3,55,UMTS,Celeste
316,Deny,Lusgdin,Verryan,dverryan8r@imageshack.us,Female,Icelandic,Viudo,4,56,MTP3,Morado
317,Allard,Lancley,Gelder,agelder8s@boston.com,Male,Tsonga,Viudo,1,57,IDX,Amarrillo
318,Olvan,Puleque,Toler,otoler8t@epa.gov,Male,Dzongkha,Soltero,2,58,Objective-C,Azul
319,Arlene,Banbridge,Gligori,agligori8u@seesaa.net,Female,Guaraní,Soltero,3,59,PC building,Rojo
320,Xenia,Dunkerk,Goodredge,xgoodredge8v@blinklist.com,Female,Dutch,Viudo,4,60,Construction,Verde
321,Beatrice,Bramham,Abrashkin,babrashkin8w@hp.com,Female,Pashto,Otro,1,61,Application Architecture,Amarrillo
322,Thedric,Rickaby,Diche,tdiche8x@rambler.ru,Male,Somali,Otro,2,62,Objective-C,Celeste
323,Dorothea,Littlefair,Sket,dsket8y@github.com,Female,Pashto,Viudo,3,63,CQA,Morado
324,Dud,Dawtry,Walhedd,dwalhedd8z@mediafire.com,Male,Hebrew,Viudo,4,64,SDL Trados,Otro
325,Duncan,Aggas,Capstake,dcapstake90@pbs.org,Male,Gagauz,Casado,1,65,LDS,Rojo
326,Elwyn,Wentworth,Worthington,eworthington91@nps.gov,Male,Zulu,Otro,2,1,HBA,Celeste
327,Tynan,Blakesley,Chalfant,tchalfant92@reverbnation.com,Male,Tsonga,Soltero,3,2,CBT,Otro
328,Josephina,Greader,Lambot,jlambot93@gmpg.org,Female,Kazakh,Viudo,4,3,Klarity,Rojo
329,Ruthe,Girkins,Gumby,rgumby94@freewebs.com,Female,Punjabi,Soltero,1,4,HBA,Otro
330,Gardie,Bleue,Curman,gcurman95@amazon.com,Male,Burmese,Viudo,2,5,JDK,Amarrillo
331,Faunie,Arch,Wandrach,fwandrach96@ucoz.ru,Female,Dari,Casado,3,6,Ufile,Azul
332,Miranda,Beretta,Rounds,mrounds97@cam.ac.uk,Female,Malay,Otro,4,7,Alumni Relations,Otro
333,Inga,Cartwright,Di Pietro,idipietro98@de.vu,Female,Telugu,Soltero,1,8,Alumni Relations,Morado
334,Rosanne,Coal,Blackston,rblackston99@smh.com.au,Female,Dutch,Otro,2,9,MCDBA,Rojo
335,Renard,Mawford,Sirmon,rsirmon9a@goo.ne.jp,Male,Assamese,Casado,3,10,IEX Total View,Verde
336,Iorgos,Kolakowski,Nollet,inollet9b@census.gov,Male,Somali,Soltero,4,11,Xpress,Verde
337,Corrinne,Licciardi,Boutwell,cboutwell9c@yandex.ru,Female,Bislama,Casado,1,12,Urban Geography,Otro
338,Boonie,Marlowe,Zincke,bzincke9d@wired.com,Male,Finnish,Viudo,2,13,IEX Total View,Otro
339,Beryl,MacPeake,Reaper,breaper9e@jigsy.com,Female,Filipino,Viudo,3,14,Road Safety,Amarrillo
340,Monte,Staker,Romaynes,mromaynes9f@usgs.gov,Male,German,Otro,4,15,HV,Celeste
341,Loydie,Abrey,Steuhlmeyer,lsteuhlmeyer9g@dagondesign.com,Male,Māori,Casado,1,16,Igloo,Rojo
342,Carola,MacGlory,Coleyshaw,ccoleyshaw9h@nytimes.com,Female,Lithuanian,Viudo,2,17,RMI,Rojo
343,Mill,Paulo,Di Baudi,mdibaudi9i@constantcontact.com,Male,Tsonga,Soltero,3,18,LLU,Verde
344,Nelson,Litzmann,Fensome,nfensome9j@berkeley.edu,Male,Arabic,Soltero,4,19,Klarity,Morado
345,Sal,Lamprey,Yakubov,syakubov9k@behance.net,Female,Amharic,Viudo,1,20,Titration,Celeste
346,Derry,Josofovitz,Weld,dweld9l@hc360.com,Male,Assamese,Casado,2,21,TDA,Amarrillo
347,Ronni,Birley,Donovan,rdonovan9m@wiley.com,Female,Hungarian,Otro,3,22,Sleep Disorders,Celeste
348,Shep,Lippett,Wooffitt,swooffitt9n@creativecommons.org,Male,Macedonian,Soltero,4,23,Dubbing,Celeste
349,Linoel,Van Velde,Dowty,ldowty9o@shop-pro.jp,Male,Ndebele,Viudo,1,24,PPC,Rojo
350,Barbabas,Clubbe,Nichols,bnichols9p@tinyurl.com,Male,Irish Gaelic,Otro,2,25,IEX Total View,Rojo
351,Tandy,Rodder,Celez,tcelez9q@barnesandnoble.com,Female,Tswana,Viudo,3,26,Brokers,Amarrillo
352,Celina,Giraudot,Beazey,cbeazey9r@reference.com,Female,Czech,Casado,4,27,PPC,Verde
353,Wilfrid,De Pero,Davenport,wdavenport9s@sakura.ne.jp,Male,Somali,Soltero,1,28,DLS,Rojo
354,Giustina,Camel,Emery,gemery9t@stumbleupon.com,Female,Spanish,Otro,2,29,BCNE,Morado
355,Ellene,Feek,Barnewelle,ebarnewelle9u@cocolog-nifty.com,Female,Kashmiri,Otro,3,30,Dubbing,Morado
356,Belva,Angrove,McCulley,bmcculley9v@hostgator.com,Female,English,Soltero,4,31,International Sales,Morado
357,Mirelle,Rolls,Been,mbeen9w@fastcompany.com,Female,Hindi,Otro,1,32,WAN,Rojo
358,Beatriz,Jewess,Halliwell,bhalliwell9x@vinaora.com,Female,Montenegrin,Casado,2,33,IDX,Rojo
359,Ebeneser,Byrde,Andric,eandric9y@epa.gov,Male,Papiamento,Soltero,3,34,MDSD,Azul
360,Rosabella,Fellgate,Switsur,rswitsur9z@virginia.edu,Female,Persian,Viudo,4,35,Object Oriented Design,Celeste
361,Lennard,Hammor,McBoyle,lmcboylea0@netlog.com,Male,Northern Sotho,Soltero,1,36,SSL Duality,Celeste
362,Page,Girvan,Yackiminie,pyackiminiea1@jiathis.com,Male,Arabic,Viudo,2,37,PC building,Otro
363,Jabez,Leversha,Mackieson,jmackiesona2@home.pl,Male,Montenegrin,Soltero,3,38,BCNE,Rojo
364,Carolan,Collens,Janowicz,cjanowicza3@lulu.com,Female,Kyrgyz,Casado,4,39,UMTS,Verde
365,Siusan,Mattheissen,Cuffe,scuffea4@sina.com.cn,Female,New Zealand Sign Language,Otro,1,40,MDSD,Azul
366,Rooney,Giraudat,McCluin,rmccluina5@cbslocal.com,Male,Swedish,Viudo,2,41,SSL Duality,Rojo
367,Karl,Coulton,Bolesworth,kboleswortha6@dot.gov,Male,Amharic,Viudo,3,42,Union Avoidance,Otro
368,Ethelin,Maunders,Betton,ebettona7@ebay.co.uk,Female,Mongolian,Viudo,4,43,Xpress,Azul
369,Marge,Shurmer,Domelaw,mdomelawa8@aboutads.info,Female,Korean,Viudo,1,44,Road Safety,Celeste
370,Brigg,Hark,Tattershaw,btattershawa9@mac.com,Male,Norwegian,Viudo,2,45,Unit Testing,Rojo
371,Leigh,Lawland,Elvey,lelveyaa@plala.or.jp,Male,Haitian Creole,Soltero,3,46,SDL Trados,Otro
372,Chrissy,Spoor,Dumbarton,cdumbartonab@netscape.com,Male,Zulu,Otro,4,47,Ufile,Azul
373,Othello,Shelmardine,Viggars,oviggarsac@arstechnica.com,Male,Kashmiri,Casado,1,48,LLU,Amarrillo
374,Kimberley,Valder,Christy,kchristyad@reverbnation.com,Female,Gujarati,Viudo,2,49,Igloo,Amarrillo
375,Sherwood,Giggs,Deverose,sdeveroseae@instagram.com,Male,Lao,Soltero,3,50,SGBD,Celeste
376,Ogdon,Liddy,Bolton,oboltonaf@tiny.cc,Male,Amharic,Viudo,4,51,DLS,Amarrillo
377,Wilfrid,Josupeit,Lashmore,wlashmoreag@csmonitor.com,Male,English,Viudo,1,52,Xenu,Rojo
378,Bary,Sand,Wakely,bwakelyah@ow.ly,Male,Korean,Otro,2,53,IDX,Amarrillo
379,Garrot,Tabord,Le - Count,glecountai@eventbrite.com,Male,Latvian,Viudo,3,54,CVM,Morado
380,Frederich,Broodes,Musson,fmussonaj@blogspot.com,Male,Kannada,Viudo,4,55,SDL Trados,Otro
381,Brigitte,Redon,La Torre,blatorreak@statcounter.com,Female,Japanese,Viudo,1,56,Turf,Amarrillo
382,Lonny,Ilyunin,Sandercroft,lsandercroftal@ox.ac.uk,Male,Icelandic,Viudo,2,57,Xpress,Amarrillo
383,Tallulah,Godsmark,Gratrex,tgratrexam@shop-pro.jp,Female,Tajik,Viudo,3,58,JCAHO,Rojo
384,Irvin,Meach,Delieu,idelieuan@topsy.com,Male,Dutch,Otro,4,59,SRDS,Morado
385,Palm,Rawlings,Snoden,psnodenao@elpais.com,Male,Swedish,Soltero,1,60,Construction,Rojo
386,Moises,Maxstead,Cadigan,mcadiganap@feedburner.com,Male,Georgian,Otro,2,61,WAN,Celeste
387,Mitch,Robertz,Brion,mbrionaq@eventbrite.com,Male,Luxembourgish,Casado,3,62,Online Gambling,Morado
388,Laurent,McAuliffe,Killford,lkillfordar@surveymonkey.com,Male,Yiddish,Viudo,4,63,LLU,Morado
389,Hieronymus,Yates,Cholmondeley,hcholmondeleyas@un.org,Male,Arabic,Soltero,1,64,Adobe Creative Suite,Amarrillo
390,Ardyth,Stoakley,Halton,ahaltonat@goo.gl,Female,Moldovan,Casado,2,65,Digital Marketing,Verde
391,Aland,L'Homme,Knapper,aknapperau@rediff.com,Male,Haitian Creole,Soltero,3,1,Cash Flow,Verde
392,Ives,Baggett,Darnell,idarnellav@theglobeandmail.com,Male,Luxembourgish,Viudo,4,2,Urban Geography,Amarrillo
393,Abagael,Mogie,Gamwell,agamwellaw@scientificamerican.com,Female,Kashmiri,Soltero,1,3,Alumni Relations,Morado
394,Artemis,Purdie,Harmstone,aharmstoneax@vimeo.com,Male,Kannada,Otro,2,4,Go,Otro
395,Holden,Bowhay,Lates,hlatesay@apple.com,Male,Arabic,Casado,3,5,BCNE,Otro
396,Alaric,Blachford,Thorndycraft,athorndycraftaz@europa.eu,Male,Polish,Casado,4,6,Kinetic Typography,Morado
397,Brnaby,Wakeham,Balint,bbalintb0@wisc.edu,Male,Burmese,Casado,1,7,DLS,Azul
398,Ermanno,Klarzynski,Stables,establesb1@theglobeandmail.com,Male,Italian,Casado,2,8,Road Safety,Amarrillo
399,Laird,Dilleston,Atyea,latyeab2@google.fr,Male,Tswana,Casado,3,9,IDX,Azul
400,Pavla,Bradley,Enochsson,penochssonb3@t-online.de,Female,Swati,Otro,4,10,CQA,Amarrillo
401,Sadie,Nannini,Allom,sallomb4@parallels.com,Female,New Zealand Sign Language,Otro,1,11,Objective-C,Amarrillo
402,Dame,Gunda,Filisov,dfilisovb5@reuters.com,Male,French,Soltero,2,12,Dubbing,Verde
403,Lothario,Mabbe,Tams,ltamsb6@cdbaby.com,Male,Afrikaans,Viudo,3,13,DVB-RCS,Verde
404,Isa,Van De Cappelle,Shaxby,ishaxbyb7@paginegialle.it,Male,Dari,Viudo,4,14,Flooring,Rojo
405,Gabby,Satterley,Beaby,gbeabyb8@e-recht24.de,Male,Kannada,Otro,1,15,Sleep Disorders,Verde
406,Hastie,Timny,Sayre,hsayreb9@meetup.com,Male,Swati,Soltero,2,16,HBA,Morado
407,Lois,Harmson,Hurdwell,lhurdwellba@deviantart.com,Female,Dutch,Soltero,3,17,Digital Marketing,Azul
408,Tine,Riccardo,Beveredge,tbeveredgebb@time.com,Female,Norwegian,Soltero,4,18,Online Gambling,Morado
409,Palmer,Goskar,Broadfoot,pbroadfootbc@aol.com,Male,Persian,Soltero,1,19,CBT,Otro
410,Shelley,Crosskill,Doig,sdoigbd@cloudflare.com,Male,Tajik,Otro,2,20,Adobe Creative Suite,Azul
411,Konstanze,Goodey,Mattacks,kmattacksbe@lulu.com,Female,Yiddish,Soltero,3,21,Brokers,Morado
412,Geoffry,Abraham,Morgan,gmorganbf@hostgator.com,Male,Moldovan,Soltero,4,22,Unit Testing,Rojo
413,Yolane,Kmicicki,Pechell,ypechellbg@google.nl,Female,Croatian,Soltero,1,23,Igloo,Morado
414,Elnar,Adnam,Presnail,epresnailbh@economist.com,Male,Tsonga,Casado,2,24,UMTS,Verde
415,Loralyn,Dury,von Hagt,lvonhagtbi@trellian.com,Female,Chinese,Otro,3,25,Flooring,Celeste
416,Jemmy,Streatfield,D'Oyley,jdoyleybj@google.cn,Female,New Zealand Sign Language,Otro,4,26,uCOS,Morado
417,Vallie,Borham,Rodge,vrodgebk@businesswire.com,Female,Macedonian,Soltero,1,27,Construction,Verde
418,Kalila,Briers,Fisbey,kfisbeybl@hc360.com,Female,Northern Sotho,Otro,2,28,HBA,Azul
419,Christie,Coleson,Rhodes,crhodesbm@mayoclinic.com,Male,Dhivehi,Casado,3,29,Adobe Creative Suite,Morado
420,Sherrie,Goffe,Lambdin,slambdinbn@hubpages.com,Female,Oriya,Casado,4,30,IEX Total View,Verde
421,Zach,Muckle,Boden,zbodenbo@hp.com,Male,Maltese,Soltero,1,31,BMC Remedy User,Celeste
422,Philippe,Rothery,Ianilli,pianillibp@marriott.com,Female,Dutch,Viudo,2,32,RCMS,Verde
423,Lilias,Craighall,Exposito,lexpositobq@theguardian.com,Female,Pashto,Casado,3,33,uCOS,Verde
424,Georgia,McAuslene,Grinaugh,ggrinaughbr@theguardian.com,Female,Malagasy,Casado,4,34,WAN,Azul
425,Carolann,Carley,Hutchcraft,chutchcraftbs@chronoengine.com,Female,Estonian,Casado,1,35,Go,Celeste
426,Saraann,Davidovits,Hanster,shansterbt@163.com,Female,Hebrew,Casado,2,36,PVTsim,Morado
427,Harwilll,Fynes,Corsor,hcorsorbu@fotki.com,Male,Luxembourgish,Viudo,3,37,Adobe Creative Suite,Rojo
428,Ailey,Malcolmson,Sirl,asirlbv@github.io,Female,Maltese,Viudo,4,38,Erosion,Morado
429,Randee,McGilroy,Cutsforth,rcutsforthbw@unesco.org,Female,Hebrew,Soltero,1,39,HV,Verde
430,Erminia,Edgars,Corsar,ecorsarbx@oakley.com,Female,Guaraní,Soltero,2,40,Xpress,Amarrillo
431,Rachele,Bateup,Kruger,rkrugerby@intel.com,Female,Greek,Casado,3,41,LLU,Rojo
432,Cherise,Henbury,Skillicorn,cskillicornbz@hc360.com,Female,Czech,Soltero,4,42,Dispute Resolution,Otro
433,Ethan,Charlotte,Pickervance,epickervancec0@tuttocitta.it,Male,Kyrgyz,Soltero,1,43,Road Safety,Otro
434,Ethelred,Cottingham,Cattach,ecattachc1@bandcamp.com,Male,Northern Sotho,Viudo,2,44,Digital Marketing,Otro
435,Gwendolin,Ashton,Geikie,ggeikiec2@hibu.com,Female,Irish Gaelic,Viudo,3,45,LDS,Celeste
436,Henri,Frowen,Bobasch,hbobaschc3@sogou.com,Male,Belarusian,Casado,4,46,LLU,Verde
437,Rriocard,Cellone,McIlvoray,rmcilvorayc4@washingtonpost.com,Male,Greek,Soltero,1,47,WAN,Verde
438,Teddy,Goodbarr,Rawes,trawesc5@4shared.com,Male,Finnish,Soltero,2,48,IEX Total View,Rojo
439,Arturo,Poznanski,Pepper,apepperc6@gnu.org,Male,Dhivehi,Viudo,3,49,Application Architecture,Verde
440,Sylvia,Thorsby,Biesty,sbiestyc7@goo.ne.jp,Female,Bengali,Viudo,4,50,PVTsim,Amarrillo
441,Arlene,Petche,Jerson,ajersonc8@hp.com,Female,Portuguese,Otro,1,51,SDL Trados,Verde
442,Abey,Lerwill,Bannard,abannardc9@jimdo.com,Male,Korean,Viudo,2,52,SDL Trados,Verde
443,Arte,Moulin,Blasius,ablasiusca@abc.net.au,Male,Irish Gaelic,Soltero,3,53,RMI,Azul
444,Biron,Player,Dilger,bdilgercb@google.ru,Male,Marathi,Soltero,4,54,Construction,Azul
445,Petronella,Norsister,Scarsbrooke,pscarsbrookecc@weibo.com,Female,Haitian Creole,Casado,1,55,SDTM,Celeste
446,Masha,Quilter,Samwaye,msamwayecd@homestead.com,Female,Italian,Otro,2,56,Cash Flow,Azul
447,Fin,Dawidowitz,Andrat,fandratce@webmd.com,Male,Hungarian,Soltero,3,57,TDA,Celeste
448,Amalie,Lenham,Anstis,aanstiscf@squidoo.com,Female,Aymara,Soltero,4,58,Dubbing,Verde
449,Flore,Bleackley,Emerine,femerinecg@lycos.com,Female,Tswana,Otro,1,59,RMI,Azul
450,Moritz,Pirrone,Haire,mhairech@cornell.edu,Male,Malay,Soltero,2,60,MTP3,Morado
451,Yorgos,Sach,Rouke,yroukeci@i2i.jp,Male,Macedonian,Soltero,3,61,NFL,Morado
452,Leonhard,Frill,Cheeseman,lcheesemancj@time.com,Male,Telugu,Viudo,4,62,Erosion,Otro
453,Meara,MacCauley,Humbell,mhumbellck@techcrunch.com,Female,Gujarati,Casado,1,63,Igloo,Amarrillo
454,Jacky,Philipsson,Flippini,jflippinicl@plala.or.jp,Female,Fijian,Soltero,2,64,Skin Care,Verde
455,Derril,Stivani,McHenry,dmchenrycm@google.de,Male,Hindi,Soltero,3,65,CVM,Otro
456,Ciel,Harmond,Ragbourne,cragbournecn@nyu.edu,Female,Malayalam,Casado,4,1,Adobe Creative Suite,Azul
457,Malchy,Lecordier,Crinion,mcrinionco@miibeian.gov.cn,Male,Kannada,Viudo,1,2,Igloo,Morado
458,Bili,Parish,Allchorn,ballchorncp@trellian.com,Female,Macedonian,Otro,2,3,Kinetic Typography,Morado
459,Daryle,Sedman,Harbar,dharbarcq@plala.or.jp,Male,Nepali,Otro,3,4,RCMS,Morado
460,Louise,Fairney,Brinkman,lbrinkmancr@sakura.ne.jp,Female,Guaraní,Viudo,4,5,BMC Remedy User,Rojo
461,Mayne,Becke,Ovell,movellcs@blogspot.com,Male,Azeri,Otro,1,6,Unit Testing,Verde
462,Marijo,Larver,Botly,mbotlyct@businesswire.com,Female,Catalan,Viudo,2,7,JDK,Amarrillo
463,Leslie,Birk,Gosart,lgosartcu@dailymail.co.uk,Male,Italian,Viudo,3,8,CBT,Amarrillo
464,Trescha,Dobbins,Lacoste,tlacostecv@intel.com,Female,Quechua,Casado,4,9,NFL,Rojo
465,Harry,Lensch,Valde,hvaldecw@typepad.com,Male,Swahili,Viudo,1,10,Objective-C,Verde
466,Mycah,Aslott,Trent,mtrentcx@github.io,Male,Maltese,Viudo,2,11,RMA,Celeste
467,Carlynne,Lenglet,Deek,cdeekcy@home.pl,Female,Kannada,Casado,3,12,PVTsim,Verde
468,Elisabeth,Warrington,Foale,efoalecz@simplemachines.org,Female,Montenegrin,Casado,4,13,Construction,Morado
469,Kirstyn,Klesl,Hew,khewd0@indiegogo.com,Female,Tok Pisin,Otro,1,14,Xpress,Celeste
470,Tiertza,O'Dwyer,Gilardoni,tgilardonid1@admin.ch,Female,Swati,Viudo,2,15,Road Safety,Rojo
471,Leif,Spaule,Colleran,lcollerand2@ning.com,Male,Fijian,Soltero,3,16,uCOS,Verde
472,Fanya,Domegan,Woolatt,fwoolattd3@loc.gov,Female,English,Otro,4,17,CQA,Rojo
473,Shirl,Edmundson,Patek,spatekd4@dailymotion.com,Female,Burmese,Viudo,1,18,Dispute Resolution,Amarrillo
474,Maurise,Shawell,Domerq,mdomerqd5@51.la,Male,Lithuanian,Otro,2,19,SRDS,Verde
475,Lelia,Kinleyside,Babbidge,lbabbidged6@japanpost.jp,Female,Tok Pisin,Otro,3,20,JCAHO,Morado
476,Pall,Whatsize,Volk,pvolkd7@examiner.com,Male,Korean,Otro,4,21,Objective-C,Morado
477,Donielle,Epinay,Keveren,dkeverend8@arstechnica.com,Female,Afrikaans,Casado,1,22,PPC,Azul
478,Emmanuel,Linge,O'Kieran,eokierand9@dell.com,Male,Bislama,Otro,2,23,Online Gambling,Verde
479,Felice,Aingel,Napoleon,fnapoleonda@xinhuanet.com,Female,Hindi,Otro,3,24,Management Due Diligence,Morado
480,Anita,Sive,Height,aheightdb@epa.gov,Female,Malay,Viudo,4,25,PPC,Rojo
481,Ade,Buy,Rugiero,arugierodc@posterous.com,Male,Bengali,Casado,1,26,Construction,Amarrillo
482,Winnifred,Ghelerdini,Makinson,wmakinsondd@deliciousdays.com,Female,Kashmiri,Otro,2,27,Application Architecture,Morado
483,Chad,D'Ugo,Delahunty,cdelahuntyde@eventbrite.com,Male,Māori,Otro,3,28,IEX Total View,Morado
484,Dierdre,McDavitt,Pratley,dpratleydf@yellowpages.com,Female,Spanish,Casado,4,29,Objective-C,Rojo
485,Haze,Colville,Dulwitch,hdulwitchdg@harvard.edu,Male,Bulgarian,Casado,1,30,Brokers,Azul
486,Jeannie,Perrie,Baynard,jbaynarddh@lycos.com,Female,Dhivehi,Casado,2,31,DLS,Azul
487,Worth,Hardson,Basford,wbasforddi@pen.io,Male,Kyrgyz,Viudo,3,32,SSL Duality,Celeste
488,Felizio,Pratty,Dudman,fdudmandj@marriott.com,Male,Hungarian,Soltero,4,33,MCDBA,Azul
489,Leonid,Desbrow,Dunkinson,ldunkinsondk@thetimes.co.uk,Male,Mongolian,Casado,1,34,Erosion,Morado
490,Emmalee,Oswell,Freemantle,efreemantledl@apache.org,Female,Japanese,Viudo,2,35,Adobe Creative Suite,Otro
491,Dion,MacEveley,Estcourt,destcourtdm@netlog.com,Female,Nepali,Casado,3,36,Sleep Disorders,Celeste
492,Vita,Baniard,Thrower,vthrowerdn@vinaora.com,Female,Tajik,Otro,4,37,PC building,Amarrillo
493,Lucienne,Farherty,Sancto,lsanctodo@oracle.com,Female,Maltese,Casado,1,38,CVM,Amarrillo
494,Alistair,Sotheron,Raven,aravendp@qq.com,Male,Māori,Casado,2,39,SSL Duality,Rojo
495,Iggie,Kemble,Rowlin,irowlindq@dion.ne.jp,Male,Northern Sotho,Soltero,3,40,Construction,Amarrillo
496,Skyler,Carmichael,Warlock,swarlockdr@hubpages.com,Male,Estonian,Otro,4,41,Unit Testing,Morado
497,Kelly,Mincini,Flanner,kflannerds@xrea.com,Female,Assamese,Soltero,1,42,Unit Testing,Azul
498,Curtice,Gillivrie,Hoys,choysdt@google.it,Male,Aymara,Otro,2,43,Xpress,Otro
499,Kristal,Barniss,Maso,kmasodu@zdnet.com,Female,Kannada,Viudo,3,44,SDTM,Verde
500,Whitney,Fewkes,Bolte,wboltedv@hud.gov,Male,Guaraní,Casado,4,45,Online Gambling,Morado
